x,date,events
-147.6,1974-12-01,
-132.97,1978-12-03,
-126.3,1980-09-30,1952
-123.01,1981-08-25,2302
-120.97,1982-03-17,1882
-110.97,1984-12-11,2663
-104.4,1986-09-29,3126
-100.97,1987-09-07,3485
-98.3,1988-05-31,3688
-95.6,1989-02-25,3272
-91.56,1990-04-05,3303
-90.6,1990-07-10,3011
-83.19,1992-07-20,2743
-72.03,1995-08-10,6693
-61.2,1998-07-28,10751
-60.97,1998-08-20,11644
-43.2,2003-07-02,17546
-39.5984,2004-06-26,10183
-38.8,2004-09-14,13242
-37.5186,2005-01-20,10355
-36.4836,2005-05-04,9879
-35.5964,2005-07-31,6890
-34.9064,2005-10-08,5422
-34.2657,2005-12-11,6602
-32.6689,2006-05-20,11621
-32.14,2006-07-12,22238
-32.0281,2006-07-23,16649
-30.1849,2007-01-23,23464
-29.6329,2007-03-20,40779
-29.071,2007-05-15,40809
-28.6471,2007-06-26,39098
-28.5289,2007-07-08,20444
-28.3909,2007-07-22,21522
-27.6,2007-10-09,41111
-27.5629,2007-10-13,23330
-26.6264,2008-01-14,49838
-26.0843,2008-03-09,17061
-25.9,2008-03-27,32721
-24.7831,2008-07-17,49350
-23.8171,2008-10-21,28238
-23.6594,2008-11-06,44163
-23.4623,2008-11-26,50125
-22.5259,2009-02-27,61696
-22.4766,2009-03-04,72801
-22.4569,2009-03-06,38307
-22.1119,2009-04-10,61853
-21.9936,2009-04-22,76666
-21.8161,2009-05-09,48103
-21.6,2009-05-31,45814
-21.481,2009-06-12,66524
-21.1853,2009-07-11,27407
-20.8699,2009-08-12,81715
-20.5741,2009-09-11,83835
-20.2883,2009-10-09,82522
-19.5983,2009-12-17,87202
-19.1251,2010-02-02,91684
-19.1153,2010-02-03,95854
-19.0857,2010-02-06,51049
-19.0266,2010-02-12,81388
-18.9871,2010-02-16,89624
-18.859,2010-03-01,7826
-18.8294,2010-03-04,19079
-18.79,2010-03-08,13471
-18.6126,2010-03-26,42794
-18.6027,2010-03-27,11389
-18.2676,2010-04-29,85464
-18.1394,2010-05-12,29835
-18.0211,2010-05-24,15167
-18.0,2010-05-26,47186
-17.8733,2010-06-08,61468
-17.8437,2010-06-11,31166
-17.5283,2010-07-12,30549
-17.4396,2010-07-21,58187
-17.272,2010-08-07,63490
-17.2424,2010-08-10,107054
-17.134,2010-08-21,75216
-16.9664,2010-09-06,87045
-16.8383,2010-09-19,68753
-16.7397,2010-09-29,111648
-16.5721,2010-10-16,61835
-16.56,2010-10-17,66853
-16.4,2010-11-02,115562
-16.0497,2010-12-07,117345
-16.0,2010-12-12,63340
-15.6357,2011-01-17,96508
-15.2414,2011-02-26,78078
-15.0,2011-03-22,121450
-14.8471,2011-04-06,117316
-14.4529,2011-05-16,31334
-14.4,2011-05-21,71928
-14.1571,2011-06-14,113103
-14.0783,2011-06-22,109888
-13.684,2011-08-01,93973
-13.5066,2011-08-18,107862
-13.5,2011-08-19,105691
-13.32,2011-09-06,110458
-13.14,2011-09-24,70043
-12.96,2011-10-12,91851
-12.718,2011-11-05,57734
-12.5209,2011-11-25,80428
-12.42,2011-12-05,56416
-12.1266,2012-01-03,71140
-12.0576,2012-01-10,88144
-12.0,2012-01-16,78756
-11.7,2012-02-15,134073
-11.6633,2012-02-19,79645
-11.6337,2012-02-22,142202
-11.407,2012-03-15,130869
-11.34,2012-03-22,128794
-11.1901,2012-04-06,66113
-11.0127,2012-04-24,121526
-10.9536,2012-04-30,106880
-10.8846,2012-05-07,114627
-10.8254,2012-05-12,69027
-10.786,2012-05-16,120183
-10.7071,2012-05-24,123454
-10.6283,2012-06-01,58784
-10.51,2012-06-13,125636
-10.4311,2012-06-21,128005
-10.39,2012-06-25,44766
-10.2241,2012-07-12,48597
-9.8496,2012-08-18,68791
-9.8299,2012-08-20,84679
-9.4602,2012-09-26,108518
-9.4356,2012-09-28,103961
-9.3271,2012-10-09,100563
-9.18,2012-10-24,106289
-9.0659,2012-11-04,66550
-8.8984,2012-11-21,115910
-8.89,2012-11-22,81691
-8.8688,2012-11-24,57226
-8.8491,2012-11-26,94324
-8.8294,2012-11-28,110217
-8.5928,2012-12-22,54295
-8.5731,2012-12-24,66073
-8.5336,2012-12-28,75946
-8.5189,2012-12-29,52444
-8.4646,2013-01-04,82529
-8.4548,2013-01-04,82529
-8.302,2013-01-20,21893
-8.2823,2013-01-22,111336
-8.2379,2013-01-26,59051
-8.2182,2013-01-28,102272
-8.1394,2013-02-05,108869
-8.1295,2013-02-06,111077
-8.1,2013-02-09,28915
-8.0704,2013-02-12,109411
-8.0,2013-02-19,112973
-7.92,2013-02-27,115553
-7.8535,2013-03-06,112220
-7.6859,2013-03-22,110998
-7.6761,2013-03-23,132700
-7.6613,2013-03-25,104822
-7.5282,2013-04-07,26598
-7.3902,2013-04-21,21520
-7.38,2013-04-22,35132
-7.1241,2013-05-18,21039
-7.0156,2013-05-28,37986
-7.0107,2013-05-29,40634
-7.0098,2013-05-29,40634
-6.9113,2013-06-08,23119
-6.8915,2013-06-10,35636
-6.8776,2013-06-11,42119
-6.7199,2013-06-27,131426
-6.6944,2013-06-30,87604
-6.668,2013-07-02,140894
-6.6057,2013-07-08,124064
-6.5622,2013-07-13,75375
-6.56,2013-07-13,75375
-6.517,2013-07-17,146249
-6.452,2013-07-24,131795
-6.4341,2013-07-26,131908
-6.344,2013-08-04,92032
-6.3,2013-08-08,146540
-6.2764,2013-08-10,94373
-6.236,2013-08-14,146812
-6.128,2013-08-25,103709
-6.02,2013-09-05,175247
-6.0,2013-09-07,103712
-5.912,2013-09-16,161410
-5.804,2013-09-27,117062
-5.7342,2013-10-04,62753
-5.728,2013-10-04,62753
-5.7145,2013-10-06,105017
-5.696,2013-10-07,160250
-5.588,2013-10-18,149639
-5.5469,2013-10-22,170220
-5.48,2013-10-29,165256
-5.4089,2013-11-05,157190
-5.4065,2013-11-05,157190
-5.372,2013-11-09,102510
-5.298,2013-11-16,72960
-5.2956,2013-11-16,72960
-5.264,2013-11-20,172982
-5.1871,2013-11-27,158374
-5.156,2013-11-30,67143
-5.048,2013-12-11,124003
-4.94,2013-12-22,80482
-4.832,2014-01-02,115773
-4.724,2014-01-13,130828
-4.616,2014-01-23,
-4.508,2014-02-03,128314
-4.5,2014-02-04,138412
-4.4,2014-02-14,132477
-4.292,2014-02-25,158191
-4.184,2014-03-08,91088
-4.076,2014-03-18,153788
-3.968,2014-03-29,86515
-3.86,2014-04-09,159169
-3.752,2014-04-20,82269
-3.644,2014-05-01,135116
-3.536,2014-05-11,82042
-3.428,2014-05-22,149945
-3.32,2014-06-02,137510
-3.31,2014-06-03,148359
-3.212,2014-06-13,132414
-3.104,2014-06-24,147311
-2.996,2014-07-04,109948
-2.888,2014-07-15,161108
-2.78,2014-07-26,104054
-2.672,2014-08-06,161261
-2.564,2014-08-17,92149
-2.456,2014-08-27,164345
-2.348,2014-09-07,95913
-2.24,2014-09-18,167106
-2.132,2014-09-29,162195
-2.024,2014-10-10,168440
-1.916,2014-10-20,172167
-0.18,2015-04-12,120095
0.0,2015-04-30,209624
0.18,2015-05-18,186377
0.33,2015-06-02,187350
0.8,2015-07-19,119581
1.62,2015-10-09,224941
1.81,2015-10-28,238290
2.34,2015-12-20,119498
3.6,2016-04-24,133464
3.78,2016-05-12,242701
4.4,2016-07-13,240667
4.86,2016-08-28,126240
5.16,2016-09-27,238879
5.41,2016-10-22,148113
5.58,2016-11-08,232926
5.94,2016-12-14,225310
6.12,2017-01-01,97865
6.41,2017-01-30,263106
6.65,2017-02-23,251850
6.66,2017-02-24,237636
7.2,2017-04-19,208287
8.1,2017-07-18,180265
9.01,2017-10-17,207726
9.5687,2017-12-12,189150
9.72,2017-12-27,134988
9.99,2018-01-23,199894
10.8,2018-04-14,150670
10.95,2018-04-29,110830
11.1921,2018-05-23,209356
11.547,2018-06-28,207904
11.6919,2018-07-12,201920
11.8457,2018-07-28,115083
12.24,2018-09-05,204188
12.41,2018-09-22,119300
12.6,2018-10-11,195407
12.61,2018-10-12,188556
12.78,2018-10-29,182318
12.9,2018-11-10,133328
13.318,2018-12-22,103245
13.35,2018-12-25,79953
13.5993,2019-01-19,122239
14.4,2019-04-09,191591
14.608,2019-04-30,184403
14.76,2019-05-15,194376
14.82,2019-05-21,180705
14.95,2019-06-03,163708
15.128,2019-06-21,178079
16.21,2019-10-07,158841
16.918,2019-12-17,164039
17.22,2020-01-16,185276
17.32,2020-01-26,94443
17.71,2020-03-05,188626
18.0,2020-04-03,144262
18.29,2020-05-02,86708
18.39,2020-05-12,139690
18.41,2020-05-14,146058
18.728,2020-06-15,136420
19.65,2020-09-15,154834
19.81,2020-10-01,148635
20.0,2020-10-20,105653
20.186,2020-11-08,34748
20.34,2020-11-23,120493
20.41,2020-11-30,116386
20.42,2020-12-01,130311
20.518,2020-12-11,129714
21.6,2021-03-29,111064
21.913,2021-04-29,129941
22.32,2021-06-09,131251
22.328,2021-06-10,134824
23.41,2021-09-26,104784
23.61,2021-10-16,75537
23.71,2021-10-26,122581
23.81,2021-11-05,116532
24.01,2021-11-25,99418
24.118,2021-12-06,111185
24.21,2021-12-15,120897
24.27,2021-12-21,106683
24.29,2021-12-23,99005
24.2969,2021-12-24,73341
24.329,2021-12-27,73815
24.41,2022-01-04,97275
24.412,2022-01-04,97275
24.447,2022-01-08,66008
24.61,2022-01-24,110134
24.81,2022-02-13,68763
24.84,2022-02-16,128319
24.897,2022-02-22,135643
25.2,2022-03-24,147046
25.565,2022-04-29,123847
25.928,2022-06-05,60474
26.81,2022-09-01,108529
27.01,2022-09-21,120721
27.36,2022-10-26,112881
27.41,2022-10-31,95119
27.718,2022-12-01,106419
28.28,2023-01-26,117787
29.217,2023-04-30,94591
29.528,2023-05-31,166011
29.88,2023-07-05,140945
30.42,2023-08-28,132048
30.538,2023-09-09,98527
30.638,2023-09-19,167824
31.028,2023-10-28,104221
31.318,2023-11-26,83444
31.5,2023-12-14,157574
31.63,2023-12-27,108687
32.13,2024-02-15,156488
32.4,2024-03-13,154952
32.68,2024-04-10,148167
33.128,2024-05-25,87437
33.39,2024-06-20,137191
33.485,2024-06-29,76871
33.504,2024-07-01,117734
33.565,2024-07-07,69123
33.61,2024-07-12,132641
34.0,2024-08-20,147425
34.1,2024-08-30,132571
34.24,2024-09-13,146141
34.3,2024-09-19,144671
34.8,2024-11-08,129191
34.918,2024-11-20,146393
34.92,2024-11-20,146393
35.418,2025-01-09,140097
36.52,2025-04-29,145941
36.68,2025-05-15,154382
36.7033,2025-05-17,90503
36.715,2025-05-18,81239
36.728,2025-05-20,147582
36.928,2025-06-09,118686
37.112,2025-06-27,
37.128,2025-06-29,
37.328,2025-07-19,82720
37.44,2025-07-30,131027
37.528,2025-08-08,134074
37.728,2025-08-28,138975
37.928,2025-09-17,136649
38.128,2025-10-07,138115
38.3478,2025-10-29,141855
38.518,2025-11-15,75959
39.74,2026-03-17,133392
39.8,2026-03-23,100882
39.88,2026-03-31,120412
40.1739,2026-04-29,122914
42.28,2026-11-26,
42.86,2027-01-23,
45.0,2027-08-25,
47.52,2028-05-03,
50.04,2029-01-10,
52.56,2029-09-19,
55.08,2030-05-29,
57.6,2031-02-05,
60.12,2031-10-15,
62.64,2032-06-23,
65.16,2033-03-02,
67.48,2033-10-20,
67.68,2033-11-09,
70.2,2034-07-19,
72.0,2035-01-15,
72.72,2035-03-28,
73.043,2035-04-29,
75.24,2035-12-05,
75.6,2036-01-10,
76.695,2036-04-28,
77.76,2036-08-13,
80.28,2037-04-22,
82.8,2037-12-30,
85.68,2038-10-14,
87.84,2039-05-18,
97.2,2041-12-09,
111.6,2045-11-18,
183.6,2065-08-05,
212.4,2073-06-24,
